EVBG,"August 30, 2013","EVBG@2013-08-30@[-60, -30)@the Event Date does not exist in its price file","EVBG@2013-08-30@[-20, 5)@the Event Date does not exist in its price file",No_problem,No_problem,No_problem,No_problem,No_problem,No_problem,No_problem,No_problem
ORCL,"June 6, 2017","ORCL@2017-06-06@[-60, -30)@the Event Date does not exist in its price file","ORCL@2017-06-06@[-20, 5)@the Event Date does not exist in its price file","FACTOR_ERROR@2017-06-06@[-60, -30)@TYPE: Mkt-RF@the Event Date does not exist in the factor file","FACTOR_ERROR@2017-06-06@[-20, 5)@TYPE: Mkt-RF@the Event Date does not exist in the factor file","FACTOR_ERROR@2017-06-06@[-60, -30)@TYPE: Mkt-RF@the Event Date does not exist in the factor file","FACTOR_ERROR@2017-06-06@[-20, 5)@TYPE: Mkt-RF@the Event Date does not exist in the factor file","FACTOR_ERROR@2017-06-06@[-60, -30)@TYPE: SMB@the Event Date does not exist in the factor file","FACTOR_ERROR@2017-06-06@[-20, 5)@TYPE: SMB@the Event Date does not exist in the factor file","FACTOR_ERROR@2017-06-06@[-60, -30)@TYPE: HML@the Event Date does not exist in the factor file","FACTOR_ERROR@2017-06-06@[-20, 5)@TYPE: HML@the Event Date does not exist in the factor file"
TWTR,"May 10, 2013","TWTR@2013-05-10@[-60, -30)@the Event Date does not exist in its price file","TWTR@2013-05-10@[-20, 5)@the Event Date does not exist in its price file",No_problem,No_problem,No_problem,No_problem,No_problem,No_problem,No_problem,No_problem
QTM,"June 6, 2017","QTM@2017-06-06@[-60, -30)@the Event Date does not exist in its price file","QTM@2017-06-06@[-20, 5)@the Event Date does not exist in its price file","FACTOR_ERROR@2017-06-06@[-60, -30)@TYPE: Mkt-RF@the Event Date does not exist in the factor file","FACTOR_ERROR@2017-06-06@[-20, 5)@TYPE: Mkt-RF@the Event Date does not exist in the factor file","FACTOR_ERROR@2017-06-06@[-60, -30)@TYPE: Mkt-RF@the Event Date does not exist in the factor file","FACTOR_ERROR@2017-06-06@[-20, 5)@TYPE: Mkt-RF@the Event Date does not exist in the factor file","FACTOR_ERROR@2017-06-06@[-60, -30)@TYPE: SMB@the Event Date does not exist in the factor file","FACTOR_ERROR@2017-06-06@[-20, 5)@TYPE: SMB@the Event Date does not exist in the factor file","FACTOR_ERROR@2017-06-06@[-60, -30)@TYPE: HML@the Event Date does not exist in the factor file","FACTOR_ERROR@2017-06-06@[-20, 5)@TYPE: HML@the Event Date does not exist in the factor file"
NTRA,"June 12, 2015","NTRA@2015-06-12@[-60, -30)@the Event Date does not exist in its price file","NTRA@2015-06-12@[-20, 5)@the Event Date does not exist in its price file",No_problem,No_problem,No_problem,No_problem,No_problem,No_problem,No_problem,No_problem
TWTR,"August 30, 2013","TWTR@2013-08-30@[-60, -30)@the Event Date does not exist in its price file","TWTR@2013-08-30@[-20, 5)@the Event Date does not exist in its price file",No_problem,No_problem,No_problem,No_problem,No_problem,No_problem,No_problem,No_problem
AAPL,"April 14, 2017","AAPL@2017-04-14@[-60, -30)@the Event Date does not exist in its price file","AAPL@2017-04-14@[-20, 5)@the Event Date does not exist in its price file","FACTOR_ERROR@2017-04-14@[-60, -30)@TYPE: Mkt-RF@the Event Date does not exist in the factor file","FACTOR_ERROR@2017-04-14@[-20, 5)@TYPE: Mkt-RF@the Event Date does not exist in the factor file","FACTOR_ERROR@2017-04-14@[-60, -30)@TYPE: Mkt-RF@the Event Date does not exist in the factor file","FACTOR_ERROR@2017-04-14@[-20, 5)@TYPE: Mkt-RF@the Event Date does not exist in the factor file","FACTOR_ERROR@2017-04-14@[-60, -30)@TYPE: SMB@the Event Date does not exist in the factor file","FACTOR_ERROR@2017-04-14@[-20, 5)@TYPE: SMB@the Event Date does not exist in the factor file","FACTOR_ERROR@2017-04-14@[-60, -30)@TYPE: HML@the Event Date does not exist in the factor file","FACTOR_ERROR@2017-04-14@[-20, 5)@TYPE: HML@the Event Date does not exist in the factor file"
EBAY,"May 23, 2017",No_problem,"EBAY@2017-05-23@[-20, 5)@Not enough price data for this duration",No_problem,No_problem,No_problem,No_problem,No_problem,No_problem,No_problem,No_problem
SQ,"October 16, 2015","SQ@2015-10-16@[-60, -30)@the Event Date does not exist in its price file","SQ@2015-10-16@[-20, 5)@the Event Date does not exist in its price file",No_problem,No_problem,No_problem,No_problem,No_problem,No_problem,No_problem,No_problem
CRDS,"June 6, 2017","CRDS@2017-06-06@[-60, -30)@the Event Date does not exist in its price file","CRDS@2017-06-06@[-20, 5)@the Event Date does not exist in its price file","FACTOR_ERROR@2017-06-06@[-60, -30)@TYPE: Mkt-RF@the Event Date does not exist in the factor file","FACTOR_ERROR@2017-06-06@[-20, 5)@TYPE: Mkt-RF@the Event Date does not exist in the factor file","FACTOR_ERROR@2017-06-06@[-60, -30)@TYPE: Mkt-RF@the Event Date does not exist in the factor file","FACTOR_ERROR@2017-06-06@[-20, 5)@TYPE: Mkt-RF@the Event Date does not exist in the factor file","FACTOR_ERROR@2017-06-06@[-60, -30)@TYPE: SMB@the Event Date does not exist in the factor file","FACTOR_ERROR@2017-06-06@[-20, 5)@TYPE: SMB@the Event Date does not exist in the factor file","FACTOR_ERROR@2017-06-06@[-60, -30)@TYPE: HML@the Event Date does not exist in the factor file","FACTOR_ERROR@2017-06-06@[-20, 5)@TYPE: HML@the Event Date does not exist in the factor file"
CSCO,"June 6, 2017","CSCO@2017-06-06@[-60, -30)@the Event Date does not exist in its price file","CSCO@2017-06-06@[-20, 5)@the Event Date does not exist in its price file","FACTOR_ERROR@2017-06-06@[-60, -30)@TYPE: Mkt-RF@the Event Date does not exist in the factor file","FACTOR_ERROR@2017-06-06@[-20, 5)@TYPE: Mkt-RF@the Event Date does not exist in the factor file","FACTOR_ERROR@2017-06-06@[-60, -30)@TYPE: Mkt-RF@the Event Date does not exist in the factor file","FACTOR_ERROR@2017-06-06@[-20, 5)@TYPE: Mkt-RF@the Event Date does not exist in the factor file","FACTOR_ERROR@2017-06-06@[-60, -30)@TYPE: SMB@the Event Date does not exist in the factor file","FACTOR_ERROR@2017-06-06@[-20, 5)@TYPE: SMB@the Event Date does not exist in the factor file","FACTOR_ERROR@2017-06-06@[-60, -30)@TYPE: HML@the Event Date does not exist in the factor file","FACTOR_ERROR@2017-06-06@[-20, 5)@TYPE: HML@the Event Date does not exist in the factor file"
NTAP,"June 6, 2017","NTAP@2017-06-06@[-60, -30)@the Event Date does not exist in its price file","NTAP@2017-06-06@[-20, 5)@the Event Date does not exist in its price file","FACTOR_ERROR@2017-06-06@[-60, -30)@TYPE: Mkt-RF@the Event Date does not exist in the factor file","FACTOR_ERROR@2017-06-06@[-20, 5)@TYPE: Mkt-RF@the Event Date does not exist in the factor file","FACTOR_ERROR@2017-06-06@[-60, -30)@TYPE: Mkt-RF@the Event Date does not exist in the factor file","FACTOR_ERROR@2017-06-06@[-20, 5)@TYPE: Mkt-RF@the Event Date does not exist in the factor file","FACTOR_ERROR@2017-06-06@[-60, -30)@TYPE: SMB@the Event Date does not exist in the factor file","FACTOR_ERROR@2017-06-06@[-20, 5)@TYPE: SMB@the Event Date does not exist in the factor file","FACTOR_ERROR@2017-06-06@[-60, -30)@TYPE: HML@the Event Date does not exist in the factor file","FACTOR_ERROR@2017-06-06@[-20, 5)@TYPE: HML@the Event Date does not exist in the factor file"
AMZN,"May 23, 2017",No_problem,"AMZN@2017-05-23@[-20, 5)@Not enough price data for this duration",No_problem,No_problem,No_problem,No_problem,No_problem,No_problem,No_problem,No_problem
SHPG,"October 13, 2016","SHPG@2016-10-13@[-60, -30)@Not enough price data for this duration",No_problem,No_problem,No_problem,No_problem,No_problem,No_problem,No_problem,No_problem,No_problem
IBM,"May 26, 2017","IBM@2017-05-26@[-60, -30)@the Event Date does not exist in its price file","IBM@2017-05-26@[-20, 5)@the Event Date does not exist in its price file",No_problem,"FACTOR_ERROR@2017-05-26@[-20, 5)@TYPE: Mkt-RF@Not enough factors data for this duration",No_problem,"FACTOR_ERROR@2017-05-26@[-20, 5)@TYPE: Mkt-RF@Not enough factors data for this duration",No_problem,"FACTOR_ERROR@2017-05-26@[-20, 5)@TYPE: SMB@Not enough factors data for this duration",No_problem,"FACTOR_ERROR@2017-05-26@[-20, 5)@TYPE: HML@Not enough factors data for this duration"
NTAP,"August 9, 2016","NTAP@2016-08-09@[-60, -30)@Zero Price error, 2016-05-13 price is : 0.000000 | Zero Price error, 2016-05-16 price is : 0.000000 | Zero Price error, 2016-05-17 price is : 0.000000 | Zero Price error, 2016-05-18 price is : 0.000000 | Zero Price error, 2016-05-19 price is : 0.000000 | Zero Price error, 2016-05-20 price is : 0.000000 | Zero Price error, 2016-05-23 price is : 0.000000 | Zero Price error, 2016-05-24 price is : 0.000000 | Zero Price error, 2016-05-25 price is : 0.000000 | Zero Price error, 2016-05-26 price is : 0.000000 | Zero Price error, 2016-05-27 price is : 0.000000 | Zero Price error, 2016-05-31 price is : 0.000000 | Zero Price error, 2016-06-01 price is : 0.000000 | Zero Price error, 2016-06-02 price is : 0.000000 | Zero Price error, 2016-06-03 price is : 0.000000 | Zero Price error, 2016-06-06 price is : 0.000000 | Zero Price error, 2016-06-07 price is : 0.000000 | Zero Price error, 2016-06-08 price is : 0.000000 | Zero Price error, 2016-06-09 price is : 0.000000 | Zero Price error, 2016-06-10 price is : 0.000000 | Zero Price error, 2016-06-13 price is : 0.000000 | Zero Price error, 2016-06-14 price is : 0.000000 | Zero Price error, 2016-06-15 price is : 0.000000 | Zero Price error, 2016-06-16 price is : 0.000000 | Zero Price error, 2016-06-17 price is : 0.000000 | Zero Price error, 2016-06-20 price is : 0.000000 | Zero Price error, 2016-06-21 price is : 0.000000 | Zero Price error, 2016-06-22 price is : 0.000000 | Zero Price error, 2016-06-23 price is : 0.000000 | Zero Price error, 2016-06-24 price is : 0.000000 | Zero Price error, 2016-06-27 price is : 0.000000 | ","NTAP@2016-08-09@[-20, 5)@Zero Price error, 2016-07-12 price is : 0.000000 | Zero Price error, 2016-07-13 price is : 0.000000 | Zero Price error, 2016-07-14 price is : 0.000000 | Zero Price error, 2016-07-15 price is : 0.000000 | Zero Price error, 2016-07-18 price is : 0.000000 | Zero Price error, 2016-07-19 price is : 0.000000 | Zero Price error, 2016-07-20 price is : 0.000000 | Zero Price error, 2016-07-21 price is : 0.000000 | Zero Price error, 2016-07-22 price is : 0.000000 | Zero Price error, 2016-07-25 price is : 0.000000 | Zero Price error, 2016-07-26 price is : 0.000000 | Zero Price error, 2016-07-27 price is : 0.000000 | Zero Price error, 2016-07-28 price is : 0.000000 | Zero Price error, 2016-07-29 price is : 0.000000 | Zero Price error, 2016-08-01 price is : 0.000000 | Zero Price error, 2016-08-02 price is : 0.000000 | Zero Price error, 2016-08-03 price is : 0.000000 | Zero Price error, 2016-08-04 price is : 0.000000 | Zero Price error, 2016-08-05 price is : 0.000000 | Zero Price error, 2016-08-08 price is : 0.000000 | Zero Price error, 2016-08-09 price is : 0.000000 | Zero Price error, 2016-08-10 price is : 0.000000 | Zero Price error, 2016-08-11 price is : 0.000000 | Zero Price error, 2016-08-12 price is : 0.000000 | Zero Price error, 2016-08-15 price is : 0.000000 | Zero Price error, 2016-08-16 price is : 0.000000 | ",No_problem,No_problem,No_problem,No_problem,No_problem,No_problem,No_problem,No_problem
SUPN,"June 18, 2012","SUPN@2012-06-18@[-60, -30)@Not enough price data for this duration",No_problem,No_problem,No_problem,No_problem,No_problem,No_problem,No_problem,No_problem,No_problem
MSTR,"April 3, 2015","MSTR@2015-04-03@[-60, -30)@the Event Date does not exist in its price file","MSTR@2015-04-03@[-20, 5)@the Event Date does not exist in its price file","FACTOR_ERROR@2015-04-03@[-60, -30)@TYPE: Mkt-RF@the Event Date does not exist in the factor file","FACTOR_ERROR@2015-04-03@[-20, 5)@TYPE: Mkt-RF@the Event Date does not exist in the factor file","FACTOR_ERROR@2015-04-03@[-60, -30)@TYPE: Mkt-RF@the Event Date does not exist in the factor file","FACTOR_ERROR@2015-04-03@[-20, 5)@TYPE: Mkt-RF@the Event Date does not exist in the factor file","FACTOR_ERROR@2015-04-03@[-60, -30)@TYPE: SMB@the Event Date does not exist in the factor file","FACTOR_ERROR@2015-04-03@[-20, 5)@TYPE: SMB@the Event Date does not exist in the factor file","FACTOR_ERROR@2015-04-03@[-60, -30)@TYPE: HML@the Event Date does not exist in the factor file","FACTOR_ERROR@2015-04-03@[-20, 5)@TYPE: HML@the Event Date does not exist in the factor file"
PHG,"July 28, 2016",No_problem,"PHG@2016-07-28@[-20, 5)@Zero Price error, 2016-06-30 price is : 24.343954 | ",No_problem,No_problem,No_problem,No_problem,No_problem,No_problem,No_problem,No_problem
FDC,"July 31, 2015","FDC@2015-07-31@[-60, -30)@the Event Date does not exist in its price file","FDC@2015-07-31@[-20, 5)@the Event Date does not exist in its price file",No_problem,No_problem,No_problem,No_problem,No_problem,No_problem,No_problem,No_problem
NUVA,"May 31, 2017","NUVA@2017-05-31@[-60, -30)@the Event Date does not exist in its price file","NUVA@2017-05-31@[-20, 5)@the Event Date does not exist in its price file","FACTOR_ERROR@2017-05-31@[-60, -30)@TYPE: Mkt-RF@the Event Date does not exist in the factor file","FACTOR_ERROR@2017-05-31@[-20, 5)@TYPE: Mkt-RF@the Event Date does not exist in the factor file","FACTOR_ERROR@2017-05-31@[-60, -30)@TYPE: Mkt-RF@the Event Date does not exist in the factor file","FACTOR_ERROR@2017-05-31@[-20, 5)@TYPE: Mkt-RF@the Event Date does not exist in the factor file","FACTOR_ERROR@2017-05-31@[-60, -30)@TYPE: SMB@the Event Date does not exist in the factor file","FACTOR_ERROR@2017-05-31@[-20, 5)@TYPE: SMB@the Event Date does not exist in the factor file","FACTOR_ERROR@2017-05-31@[-60, -30)@TYPE: HML@the Event Date does not exist in the factor file","FACTOR_ERROR@2017-05-31@[-20, 5)@TYPE: HML@the Event Date does not exist in the factor file"
ORCL,"April 3, 2015","ORCL@2015-04-03@[-60, -30)@the Event Date does not exist in its price file","ORCL@2015-04-03@[-20, 5)@the Event Date does not exist in its price file","FACTOR_ERROR@2015-04-03@[-60, -30)@TYPE: Mkt-RF@the Event Date does not exist in the factor file","FACTOR_ERROR@2015-04-03@[-20, 5)@TYPE: Mkt-RF@the Event Date does not exist in the factor file","FACTOR_ERROR@2015-04-03@[-60, -30)@TYPE: Mkt-RF@the Event Date does not exist in the factor file","FACTOR_ERROR@2015-04-03@[-20, 5)@TYPE: Mkt-RF@the Event Date does not exist in the factor file","FACTOR_ERROR@2015-04-03@[-60, -30)@TYPE: SMB@the Event Date does not exist in the factor file","FACTOR_ERROR@2015-04-03@[-20, 5)@TYPE: SMB@the Event Date does not exist in the factor file","FACTOR_ERROR@2015-04-03@[-60, -30)@TYPE: HML@the Event Date does not exist in the factor file","FACTOR_ERROR@2015-04-03@[-20, 5)@TYPE: HML@the Event Date does not exist in the factor file"
CTAA,"November 25, 2013","CTAA@2013-11-25@[-60, -30)@Prices are constant in this duration, not useful","CTAA@2013-11-25@[-20, 5)@Prices are constant in this duration, not useful",No_problem,No_problem,No_problem,No_problem,No_problem,No_problem,No_problem,No_problem
